order_id,warehouse_id,order_date,delivery_status
1,2,2024-01-11,Delayed
2,3,2024-06-15,Delayed
3,1,2024-04-26,Delivered
4,2,2024-11-11,Delivered
5,2,2024-05-08,Delivered
6,1,2024-05-17,Delivered
7,4,2024-07-31,Cancelled
8,1,2024-07-11,Delivered
9,2,2024-11-04,Cancelled
10,2,2024-04-10,Delivered
11,2,2024-02-08,Cancelled
12,3,2024-03-02,Delivered
13,2,2024-07-30,Delayed
14,1,2024-05-22,Delivered
15,2,2024-05-09,Delayed
16,2,2024-03-26,Cancelled
17,4,2024-07-15,Cancelled
18,5,2024-09-13,Cancelled
19,3,2024-07-29,Delayed
20,3,2024-10-15,Delivered
21,1,2024-08-24,Cancelled
22,5,2024-03-20,Delayed
23,3,2024-07-27,Cancelled
24,4,2024-08-14,Delayed
25,4,2024-09-16,Cancelled
26,3,2024-11-03,Cancelled
27,3,2024-08-26,Delivered
28,3,2024-11-02,Delayed
29,1,2024-07-03,Cancelled
30,2,2024-04-14,Cancelled
31,4,2024-01-13,Delivered
32,4,2024-03-21,Cancelled
33,4,2024-05-11,Delayed
34,3,2024-12-17,Delivered
35,1,2024-07-19,Delayed
36,4,2024-10-10,Delivered
37,1,2024-01-10,Cancelled
38,3,2024-06-20,Delivered
39,5,2024-04-07,Delivered
40,3,2024-12-30,Cancelled
41,4,2024-08-03,Delayed
42,1,2024-12-12,Delivered
43,3,2024-10-25,Delayed
44,2,2024-05-31,Delayed
45,5,2024-09-27,Delivered
46,2,2024-05-16,Delayed
47,3,2024-07-17,Delivered
48,4,2024-09-11,Delayed
49,3,2024-05-22,Delayed
50,3,2024-05-08,Delivered
51,3,2024-03-15,Cancelled
52,4,2024-12-07,Delayed
53,3,2024-02-18,Delayed
54,4,2024-04-01,Delayed
55,1,2024-04-14,Delivered
56,5,2024-10-30,Cancelled
57,2,2024-03-10,Delayed
58,2,2024-09-07,Delayed
59,3,2024-07-14,Cancelled
60,2,2024-05-10,Delayed
61,5,2024-02-26,Delivered
62,1,2024-12-04,Delivered
63,4,2024-06-14,Cancelled
64,4,2024-12-28,Delivered
65,3,2024-01-17,Delivered
66,5,2024-12-25,Cancelled
67,4,2024-06-13,Cancelled
68,3,2024-06-17,Cancelled
69,5,2024-11-01,Cancelled
70,1,2024-10-14,Delayed
71,2,2024-06-06,Delayed
72,3,2024-05-14,Delivered
73,3,2024-07-21,Cancelled
74,4,2024-04-01,Delayed
75,4,2024-11-08,Cancelled
76,2,2024-01-25,Cancelled
77,5,2024-09-22,Cancelled
78,1,2024-04-02,Delayed
79,1,2024-02-22,Cancelled
80,4,2024-05-16,Delayed
81,2,2024-09-08,Delayed
82,4,2024-04-14,Delivered
83,4,2024-04-20,Delayed
84,5,2024-08-23,Cancelled
85,4,2024-09-27,Delivered
86,5,2024-07-02,Delivered
87,3,2024-07-21,Delivered
88,2,2024-11-03,Cancelled
89,4,2024-01-24,Delayed
90,5,2024-08-02,Cancelled
91,1,2024-09-06,Delayed
92,1,2024-12-19,Delayed
93,2,2024-03-02,Delivered
94,4,2024-08-23,Cancelled
95,1,2024-11-01,Delayed
96,4,2024-12-20,Delayed
97,3,2024-04-02,Cancelled
98,1,2024-06-18,Delivered
99,2,2024-11-29,Delayed
100,4,2024-01-29,Cancelled
