product_id,product_name,category,unit_cost
1,Product_1,Electronics,109
2,Product_2,Furniture,550
3,Product_3,Clothing,160
4,Product_4,Food,176
5,Product_5,Electronics,254
6,Product_6,Furniture,465
7,Product_7,Clothing,733
8,Product_8,Food,302
9,Product_9,Electronics,346
10,Product_10,Furniture,327
11,Product_11,Clothing,121
12,Product_12,Food,504
13,Product_13,Electronics,761
14,Product_14,Furniture,376
15,Product_15,Clothing,521
16,Product_16,Food,145
17,Product_17,Electronics,701
18,Product_18,Furniture,678
19,Product_19,Clothing,566
20,Product_20,Food,543
